{
  "train": {
    "mae": 0.0007934678451941788,
    "rmse": 0.07771669349539936,
    "r2": 0.998117443686007
  },
  "test": {
    "mae": 0.0005641635975555954,
    "rmse": 0.0020368560246738832,
    "r2": 0.9999987230208993
  },
  "model_type": "RandomForest",
  "n_features": 8,
  "n_train_samples": 246010,
  "n_test_samples": 61503
}